Customer Segment,Monthly Spending,Engagement Score,Tenure,Complaint Count,Purchase Frequency,Discount Usage
0,353.562512,75,1,2,8.317581408,0.991893483
0,570.8356447,5,27,2,3.788870903,0.481873384
0,420.7479262,19,4,0,7.462543451,0.801747417
0,400.9463675,15,17,1,6.087979602,0.410269138
0,577.0865194,88,30,0,4.246790124,0.379630867
0,529.3072473,12,55,1,9.931541036,0.256487523
0,696.4725133,68,25,0,5.71636618,0.024240259
0,555.6230009,27,34,2,6.612333833,0.048550427
0,410.5392698,99,17,4,6.383417506,0.020492047
0,401.4273954,75,8,0,4.877188683,0.482505591
0,387.5357908,19,23,2,7.92044591,0.702791021
0,410.1532018,15,57,2,3.048793574,0.407740247
0,755.8199286,40,32,2,5.078501431,0.084292188
0,544.4263311,99,26,0,5.598247889,0.968513557
0,554.1462728,19,46,2,9.500691553,0.544786654
0,544.770856,77,14,3,8.027656715,0.256405593
0,565.4365656,92,42,3,2.532074816,0.71345736
0,595.0423838,100,47,3,8.169576874,0.993226067
0,545.3534302,75,42,3,6.43679236,0.632593268
0,449.3056825,82,51,2,3.330871313,0.147412784
0,475.2481364,29,31,2,1.082893565,0.296620862
0,561.3517973,87,25,2,1.914934099,0.014868974
0,606.5480375,24,53,3,6.077091118,0.840553357
0,407.6766754,30,29,3,0.20511603,0.399401659
0,513.2969674,8,11,5,8.360792752,0.271544769
0,416.0790333,99,8,1,7.130168357,0.013268541
0,640.934744,37,42,1,2.65313107,0.208360789
0,451.0560557,81,23,5,5.205705443,0.795706685
0,215.1457379,11,20,3,6.313774364,0.897883378
0,351.4439627,17,26,2,1.867808072,0.103258809
0,440.7606076,19,50,1,9.533242649,0.13112121
0,519.5845255,92,22,2,9.141564617,0.434423259
0,503.8003478,77,41,1,0.085692108,0.95071275
0,355.19861,1,27,1,7.336218293,0.477160046
0,509.9651365,32,12,2,2.257630749,0.905989151
0,607.8680833,95,22,2,2.060237236,0.878517209
0,561.1676289,81,59,1,4.35230718,0.965838775
0,627.7664896,26,20,1,2.037760342,0.791716168
0,517.0416222,16,36,1,7.104247164,0.68895579
0,342.977528,18,9,3,8.474061349,0.8469226
0,589.4924377,96,42,5,8.026791627,0.1962872
0,618.8393273,73,15,5,2.442337004,0.853480667
0,532.271856,84,4,1,8.840752963,0.703508144
0,608.8950597,66,54,1,5.002314789,0.778563848
0,401.0371863,12,31,1,1.741841881,0.566945857
0,638.2158991,47,1,4,5.174325598,0.623132921
0,538.0197851,96,25,0,1.475518468,0.659966278
0,608.3051243,64,55,2,8.333776244,0.949586768
0,604.7098303,49,40,2,5.545968855,0.128276772
0,564.5484181,21,25,1,9.442295794,0.008831843
0,501.0233061,1,18,0,2.683397913,0.578937176
0,437.6859474,26,26,1,6.897016424,0.531823511
0,647.9944139,98,13,3,5.534902702,0.370147918
0,512.8104415,34,35,0,8.802479945,0.57302796
0,578.5800159,39,19,2,6.792470013,0.304367783
0,422.2183312,90,39,3,5.342471107,0.300689068
0,487.421308,94,54,3,3.512438323,0.584991749
0,513.3540905,95,39,0,6.616532005,0.584622009
0,539.1804005,6,47,1,0.616418834,0.092097428
0,569.6206365,14,51,0,3.389939702,0.279265278
0,540.4050857,16,59,1,1.300262557,0.069891812
0,410.2745629,21,2,1,3.165017793,0.953167177
0,431.9975278,89,14,4,5.862081662,0.429190582
0,635.3872374,97,56,2,9.69361245,0.892742543
0,493.5861653,2,53,3,5.133806463,0.312119465
0,530.982071,16,22,1,7.77984426,0.744336843
0,566.2130675,32,7,1,4.972024036,0.952665428
0,560.9138121,25,6,2,9.841933917,0.48101878
0,467.2337853,30,1,1,3.599140362,0.349160387
0,330.7043186,81,36,2,9.046052531,0.106447589
0,502.9756139,85,44,3,1.701303274,0.284060462
0,587.7362291,93,48,0,9.387601272,0.167903197
0,413.8715799,96,22,1,3.060009736,0.894107318
0,389.6791634,17,43,3,9.529103136,0.061171755
0,517.1368281,75,23,3,2.307342766,0.767179328
0,636.8631558,3,50,3,6.59328128,0.578288615
0,659.3186627,18,39,2,1.110633033,0.048566653
0,609.1506852,12,26,1,3.014884154,0.253797643
0,348.0630034,9,20,3,4.23930535,0.910271771
0,548.9374561,38,3,2,3.087856584,0.917078199
0,627.1555095,95,17,2,6.554156968,0.353802831
0,552.9692754,95,41,0,3.157956445,0.922681434
0,618.5704155,27,57,2,2.484685244,0.595479007
0,402.2444755,4,28,2,0.636089962,0.461834435
0,605.0654396,18,57,2,7.584086408,0.771429989
0,538.1935452,90,22,4,6.251460917,0.783221457
0,578.7084604,86,57,3,9.457846462,0.293396145
0,589.519322,32,42,0,2.400696531,0.730636921
0,457.9813183,19,8,2,7.597213287,0.747740386
0,673.5963803,20,18,3,5.349040864,0.25903921
0,423.0026769,77,16,1,3.957368634,0.800360654
0,508.7047068,1,17,4,4.233867491,0.130876333
0,681.2448558,37,32,0,8.391923429,0.479771358
0,647.1170327,65,32,3,9.78929647,0.465943951
0,573.4877786,26,29,0,2.246607001,0.734468386
0,746.3242112,45,17,2,5.96657892,0.820496445
0,358.7696299,94,57,1,1.988917029,0.685707229
0,405.0601111,75,3,2,6.873744177,0.567840961
0,474.7431849,2,10,2,3.181874795,0.9478369
0,430.7094802,7,31,1,0.500358364,0.43244736
0,657.3986763,82,7,3,3.10830101,0.84672199
0,393.4886337,82,31,5,8.353064609,0.721688391
0,584.9602097,4,22,2,2.613283959,0.427408288
0,447.7139973,36,16,3,2.624078226,0.734708006
0,378.5811387,86,48,3,7.81952617,0.392708532
0,479.6954614,8,32,2,4.594957749,0.71655364
0,581.3517217,14,36,0,4.369548611,0.762998898
0,359.8148937,91,52,4,1.635456868,0.514403869
0,478.6011156,92,10,1,6.798108916,0.796708668
0,518.1021559,10,40,2,1.532961605,0.536628904
0,614.3754043,49,22,0,8.064028192,0.589133403
0,575.6988617,19,44,4,7.772955758,0.793008159
0,300.6264357,4,19,1,0.125950382,0.299973908
0,507.6005391,15,4,3,3.05325899,0.253912925
0,435.648177,32,32,3,4.392105109,0.081861506
0,508.1829359,26,3,2,5.626325959,0.351647734
0,504.8084947,86,4,0,9.044014365,0.446286668
0,334.5143328,97,9,3,1.849260188,0.955517706
0,745.530014,70,50,1,0.473245301,0.789728262
0,532.1357215,9,12,0,8.158205233,0.317545658
0,522.3914134,81,5,3,5.608123418,0.493243496
0,532.6133022,32,56,2,6.526134017,0.492081705
0,652.8468426,67,45,3,8.71797771,0.357376403
0,449.7945776,13,3,2,8.024598153,0.224950044
0,578.1822872,3,43,6,6.982725935,0.327440563
0,448.2388701,7,39,3,1.250782268,0.867557287
0,551.5035267,32,52,3,5.278073636,0.154493236
0,421.5101687,84,28,1,4.27132531,0.643554467
0,533.2314012,84,52,2,4.878228374,0.877374521
0,496.528823,84,41,3,8.156655408,0.267071941
0,484.9944413,9,44,2,6.68488621,0.196180607
0,348.4255885,23,30,4,9.144576509,0.780259331
0,466.4215301,2,3,4,6.275560239,0.577041862
0,411.5197286,8,18,4,9.660998727,0.665849365
0,521.1017467,33,29,4,7.839195849,0.777445628
0,635.6240029,49,49,3,9.786540813,0.073581294
0,461.491772,94,57,2,4.06249096,0.911618206
0,326.0286221,19,38,1,3.181521858,0.353137793
0,515.3725106,38,56,0,4.363014238,0.043456246
0,447.0239796,84,59,3,3.280696845,0.425189384
0,627.7676822,78,32,3,0.791864091,0.243273084
0,675.4794182,32,41,1,4.542278238,0.741517252
0,551.765902,76,2,1,0.518820776,0.399962125
0,597.1570951,83,40,0,2.680115005,0.523130113
0,503.5263552,92,39,2,9.028766471,0.625019454
0,453.0525614,24,23,3,4.800901422,0.400355594
0,393.2379571,14,45,0,2.569917353,0.914753901
0,503.2004149,36,40,4,2.103865545,0.887168688
0,443.6275447,34,53,1,8.986165409,0.947870169
0,504.6436548,10,50,5,7.11129518,0.020023535
0,497.5645408,22,21,2,6.013596073,0.748564718
0,597.255445,6,2,1,0.059282153,0.346110987
0,700.6092888,98,55,3,9.871678396,0.014228224
0,429.7946906,85,49,1,6.843286505,0.659378929
0,526.1055272,92,17,4,7.908496776,0.841416436
0,430.7090405,95,43,1,3.097281837,0.913669597
0,456.0268942,98,23,1,9.540939149,0.520212689
0,518.4633859,82,49,3,8.301925631,0.868951395
0,571.0959968,36,32,1,2.989477281,0.739503455
0,516.9360824,22,32,1,7.701312919,0.060220364
0,504.6980594,98,42,1,5.630129432,0.341017093
0,463.7559059,9,3,2,4.514230036,0.950180711
0,329.6617561,14,19,1,1.450327337,0.312488326
0,500.52437,91,41,1,9.928308254,0.136918824
0,549.1919172,39,29,3,5.948327139,0.623161754
0,436.2260016,17,12,3,0.41227814,0.215220645
0,715.7308213,93,21,2,0.209320295,0.094169698
0,536.6598246,9,38,2,4.027116497,0.268781298
0,457.9354677,92,40,1,2.472051189,0.575208293
0,416.0278158,15,54,0,4.06605853,0.616270489
0,465.7285483,14,15,2,9.960887273,0.985269988
0,676.545424,92,14,3,3.170009697,0.414308312
0,506.7528205,97,7,2,9.097268379,0.42499524
0,503.4083468,28,13,1,5.265194477,0.95583083
0,499.2027359,81,57,2,5.466256459,0.867782044
0,375.6136765,6,55,0,7.092971369,0.672917824
0,475.8763942,4,54,2,1.247361132,0.335540942
0,598.4322398,11,12,2,6.42319651,0.025578983
0,499.6397461,78,43,5,4.750789801,0.932102365
0,323.9191188,1,58,2,7.916950992,0.786100647
0,658.6016816,9,59,0,4.199386853,0.386136399
0,531.1250155,85,58,3,4.672413444,0.434801534
0,284.7109407,60,28,2,7.142154369,0.323768976
0,424.3649255,33,28,1,9.470402781,0.827384194
0,707.5260873,54,32,2,4.965498136,0.422686936
0,535.2055397,30,11,0,1.883682321,0.325221191
0,561.0370265,25,27,5,7.389458466,0.318469426
0,489.1239852,99,36,3,1.485174243,0.624597252
0,536.4961002,28,17,4,9.573136132,0.94830938
0,576.7434729,22,52,0,5.720546392,0.270446185
0,467.9652692,28,18,0,4.38439845,0.256407158
0,547.1415556,75,47,1,7.606797612,0.253152125
0,511.9580368,17,49,3,2.187403231,0.860651887
0,563.8730222,71,31,2,8.105164866,0.270002045
0,690.941664,54,1,1,1.120985104,0.489931753
0,505.6649925,13,25,3,1.687016428,0.158757915
0,563.2407739,87,43,1,7.214891731,0.292905747
0,284.6609886,44,32,0,0.640845876,0.595200181
0,377.6059733,98,18,2,1.290367878,0.131982998
0,441.6922561,91,43,2,0.685027926,0.47023496
0,644.1568621,12,55,1,3.762014133,0.743628679
0,424.658213,92,19,3,2.902945157,0.259225487
0,545.5887772,34,16,4,7.099050458,0.651192308
0,675.2270443,62,1,2,5.834220152,0.290092265
0,621.30977,83,57,3,6.236278329,0.923208836
0,507.3317967,15,33,1,3.415260754,0.059338231
0,743.9752406,53,40,5,9.475338507,0.722248578
0,539.9687952,75,56,2,0.64405116,0.588525681
0,502.4510174,1,42,1,6.613603937,0.591599323
0,445.3755552,26,26,0,5.875124794,0.993635448
0,512.0295632,72,39,1,4.193878315,0.727764041
0,447.4244978,99,52,2,1.766430299,0.208109996
0,409.6092359,90,45,1,0.081462482,0.465123599
0,302.4533434,6,20,1,0.778391531,0.316963654
0,430.0274492,8,49,5,3.944846313,0.252568559
0,534.6448209,19,33,0,1.246974471,0.305353214
0,365.5549489,91,59,4,4.55616374,0.414698118
0,551.3267433,24,21,1,6.603868382,0.457461647
0,417.1004989,3,47,1,7.306840974,0.353591146
0,534.1151975,86,13,3,6.725224042,0.882166724
0,756.0084538,51,4,1,8.306896052,0.193543373
0,469.8896304,90,50,1,7.577349445,0.900234857
0,517.4577813,95,1,3,2.101758352,0.939260229
0,570.8108677,75,25,1,2.630697138,0.969255464
0,653.8036566,70,10,3,3.418656018,0.260633455
0,657.9572146,17,54,0,3.725274528,0.958565335
0,627.8451863,67,56,0,3.577849258,0.378194683
0,378.89838,1,56,2,4.165922278,0.147523834
0,620.0413908,72,23,2,7.039420824,0.749446788
0,652.3124077,65,7,4,9.272064648,0.888189953
0,575.1387123,71,50,1,5.124397687,0.227490891
0,448.9983601,77,40,1,4.807234565,0.099228896
0,501.3929292,84,47,4,1.553433025,0.645319583
0,645.3384477,5,11,3,6.873724658,0.498730365
0,296.0767822,45,18,4,0.186465864,0.766928926
0,454.7693681,13,19,1,9.391092207,0.488731269
0,296.1875465,43,22,1,9.006660841,0.70538056
0,519.7910783,32,27,2,3.485091498,0.069757012
0,478.6552848,22,36,2,6.087229422,0.179896319
0,519.8084761,27,48,3,6.053436279,0.297546761
0,447.1383318,5,22,5,1.873504177,0.059710905
0,535.7015486,28,26,2,9.849579696,0.134797828
0,352.1088431,4,59,0,9.585456068,0.24067275
0,628.9752754,21,11,0,4.675438497,0.466810906
0,656.1511197,74,17,3,0.692301257,0.968431276
0,614.9273326,6,52,5,9.746784108,0.382792831
0,434.8581996,14,55,2,1.320668108,0.413473264
0,460.7891847,24,25,0,6.6780622,0.670319634
0,409.2436338,38,29,1,0.130765342,0.674432556
0,482.6928176,8,34,2,0.178337902,0.252431194
0,393.7696286,15,55,3,7.968481768,0.095543875
0,587.2457328,36,16,0,8.738218212,0.49555569
0,484.1992101,28,24,1,4.522745123,0.991431692
0,549.3317901,4,3,4,1.477463244,0.176756867
0,543.632367,4,23,1,9.346519527,0.567485878
0,433.1909546,33,32,2,4.37963964,0.187152193
0,364.8315394,88,59,1,3.635581553,0.645009815
0,677.0800636,30,31,2,1.10483628,0.536298366
0,706.0747925,87,43,2,1.986506527,0.086747768
0,175.873266,70,26,3,9.552427683,0.149838134
0,622.7668992,9,57,0,2.970962192,0.647585589
0,521.3979911,2,28,0,9.811311957,0.66895371
0,686.5774511,41,24,0,7.936324143,0.01573598
0,474.0408649,29,40,0,3.234877616,0.820909634
0,542.9618219,86,45,0,3.143850411,0.343647308
0,679.7686527,19,5,2,8.341352384,0.983642531
0,483.2878286,82,31,2,5.107393295,0.769436662
0,568.605146,19,58,2,2.158042511,0.908824031
0,494.4452301,38,36,3,7.368051067,0.348030153
0,569.0143992,28,1,4,4.833920667,0.560209403
0,675.5340842,22,48,0,2.807097425,0.337002791
0,496.149153,93,50,2,8.284445386,0.071451381
0,570.1172742,87,34,3,4.672873582,0.376855983
0,535.778736,10,50,1,4.897040319,0.735901986
0,430.809193,34,59,5,7.715714393,0.563803391
0,591.8316606,3,22,1,3.690561593,0.796656735
0,638.4272819,44,11,3,3.558459112,0.722021143
0,522.3787952,35,53,0,0.414993044,0.043127788
0,538.2409746,20,16,1,9.517655161,0.509482738
0,532.4083969,77,14,2,1.109202309,0.671892016
0,714.3944089,39,5,0,7.030939038,0.278966194
0,531.0907566,17,34,1,9.269884748,0.914444682
0,446.9742382,99,46,2,0.795197133,0.541595463
0,505.963037,31,50,2,3.103980953,0.600014477
0,397.3484701,19,8,4,6.60118903,0.224875092
0,451.2874616,15,38,3,3.948007685,0.434186592
0,558.3928185,72,20,0,6.340919451,0.592123236
0,429.4988144,84,16,1,7.017136341,0.433606033
0,476.5412867,35,24,1,7.161487789,0.341507111
0,458.8123034,35,39,1,6.740584528,0.728352837
0,749.2999517,47,30,3,9.721666237,0.911773282
0,498.1486864,35,49,2,9.682079277,0.053969761
0,581.7766299,6,3,4,4.57645616,0.926158331
0,611.9574911,69,36,1,8.945978734,0.107561392
0,478.2318797,92,35,2,5.326856807,0.857485254
0,562.8345509,30,36,5,1.104094977,0.66513286
0,547.8979826,11,45,3,0.307751783,0.509932495
0,605.3152853,42,17,1,9.87082364,0.945037465
0,369.5530499,81,3,1,0.662901874,0.265499217
0,679.4557864,4,10,0,3.680856377,0.714071176
0,467.7320161,100,44,0,8.386972403,0.25159897
0,647.5356217,69,30,2,6.651201781,0.751147244
0,382.9886974,89,45,1,9.804143602,0.505965563
0,567.7925871,88,13,1,2.273799542,0.41799826
0,688.6185901,54,6,0,3.276549637,0.640030388
0,654.9934405,21,3,1,6.722788295,0.033052195
0,593.1280119,19,54,2,4.675889485,0.86506253
0,544.0474738,28,28,3,3.246612672,0.675046622
0,653.2738913,66,9,1,0.483958819,0.03216527
0,437.730048,21,2,2,0.530458812,0.079738557
0,444.4800473,25,43,3,7.477434259,0.009860728
0,565.0201178,35,13,2,1.198247587,0.017873531
0,583.5692112,82,24,0,0.118978322,0.679978549
0,480.7639035,100,34,1,6.048017618,0.044706931
0,558.6857094,7,53,0,0.336497234,0.256769516
0,486.0410372,25,56,3,7.574021983,0.030605496
0,640.2794311,33,20,2,6.492287795,0.533394892
0,522.3884024,87,9,1,4.904464599,0.779093943
0,476.906547,10,34,2,4.926743303,0.806082165
0,344.3370826,23,44,3,4.200722953,0.652759756
0,457.0594459,76,40,2,2.956022775,0.449295821
0,664.201516,54,37,4,4.935308302,0.165994461
0,358.6285503,17,40,3,1.415521095,0.081489977
0,588.1639757,35,58,1,4.18130683,0.915032423
0,453.6582307,30,5,4,7.219769618,0.359161824
0,324.1260514,28,11,2,3.12682665,0.348013354
0,539.9136114,34,2,0,8.326832236,0.448075152
0,552.1941566,37,40,2,4.794157986,0.776171492
0,522.7459935,37,32,4,0.932978555,0.038118245
0,575.750771,16,9,3,1.022241711,0.010526046
0,757.3359803,28,29,1,2.187943516,0.046541521
0,571.7542256,78,48,0,1.378949424,0.016909813
0,582.3170584,76,47,2,1.135873174,0.667777226
0,575.915516,87,8,1,1.794452376,0.140584831
0,367.9766793,9,59,3,3.353290075,0.469289911
0,549.7998291,72,32,5,1.077922474,0.012062518
0,666.5474444,64,28,3,3.95480028,0.497140464
0,292.6609768,65,3,1,7.029475486,0.786548936
0,333.8479938,91,12,0,3.946600879,0.891055194
0,359.2488305,79,49,3,3.854210997,0.812456177
0,497.269546,34,55,0,2.17447634,0.031061656
0,523.3785912,79,9,1,1.803559683,0.667973061
0,475.4611884,28,5,2,1.846512459,0.721553883
0,552.2835488,24,23,3,7.70642527,0.073550479
0,585.7659623,11,25,5,6.908535043,0.933375499
0,375.5345297,33,17,2,7.366518752,0.27106299
0,328.6865471,82,19,3,1.155179001,0.642746046
0,609.4191518,36,54,0,3.195214518,0.4558665
0,409.1975924,100,37,1,6.508663953,0.515084376
0,399.1913689,20,41,2,8.23659251,0.291577717
0,506.9802085,94,27,2,7.127537548,0.567776956
0,390.3724913,36,20,3,0.884868957,0.699208678
0,575.1933033,21,13,0,4.947542404,0.271359035
0,477.536685,29,24,2,3.438535755,0.038425646
0,366.4655641,17,48,2,2.060485602,0.989980615
0,442.6299996,79,11,1,6.218245646,0.222748324
0,432.2838288,90,4,0,1.367354027,0.219999472
0,527.0456826,22,38,5,8.988153748,0.411563772
0,530.7299521,27,39,2,2.784652909,0.569150981
0,398.5243269,29,27,2,7.642442212,0.30274757
0,370.4921228,39,19,0,5.092225383,0.883119407
0,414.164222,27,14,4,1.957077516,0.562899826
0,559.5157025,73,10,1,9.078158578,0.750092413
0,514.8667457,11,20,1,0.027012168,0.130726517
0,508.2283989,86,37,4,6.784192517,0.623147367
0,687.6795813,12,33,3,7.39607969,0.184265076
0,441.8319086,29,26,2,2.863660679,0.531391793
0,603.2465261,55,56,2,8.507784903,0.963484279
0,530.8833013,98,45,1,2.278431881,0.353024269
0,549.5681888,17,37,2,7.863218061,0.645790358
0,422.1695275,18,8,0,9.383616003,0.658162477
0,295.8265132,17,11,5,1.702691371,0.52853986
0,416.7644427,100,57,1,1.183541013,0.067197571
0,599.6266819,83,38,2,5.208287305,0.731353972
0,502.8181157,96,6,1,9.901757936,0.831036313
0,308.6719755,100,41,5,0.195026476,0.056274988
0,553.8296079,20,57,2,2.064452324,0.963549599
0,731.4658567,40,5,1,6.077098082,0.579779843
0,480.9661322,87,24,0,6.511769607,0.480254001
0,446.9003045,19,51,2,2.507983351,0.065928889
0,582.5416349,9,2,1,9.533200804,0.362431411
0,489.296964,78,17,1,1.548157549,0.633312174
0,583.3922155,37,58,3,3.664569208,0.144135664
0,481.5097864,28,57,0,4.966452124,0.284674392
0,571.8953311,93,52,1,6.425318353,0.449343053
0,480.9317599,12,35,1,3.307949948,0.739749947
0,620.6508967,96,21,3,3.077241894,0.543593968
0,511.4227649,37,15,0,6.918468799,0.808077668
0,512.2009815,91,55,1,0.195225707,0.29526063
0,729.0942573,57,40,1,9.041912076,0.254609329
0,502.1271577,22,37,1,7.879409207,0.04604516
0,418.3064329,22,32,2,1.115939248,0.467985366
0,329.7416396,95,47,2,0.072728077,0.825214946
0,526.0673766,8,33,2,1.619671844,0.832775031
0,567.3181351,99,24,2,4.042200439,0.860726662
0,394.6584437,84,23,0,2.54803266,0.186034061
0,588.3659937,18,17,2,1.530425972,0.744556857
0,504.557184,99,19,4,5.623783804,0.714131994
0,418.1779317,85,9,3,7.212579079,0.84295039
0,514.6713686,80,6,1,9.275613488,0.38198347
0,637.5706813,34,7,1,4.448054951,0.671666057
0,562.9628842,25,29,1,6.362188287,0.530263226
0,439.8632356,90,31,0,2.511584014,0.097164682
0,383.1321962,82,29,1,0.627221714,0.476837775
0,565.1391251,15,11,1,6.508026901,0.643748532
0,511.5674634,88,57,2,9.526421308,0.818402647
0,455.570674,1,37,0,7.479236513,0.32244529
0,278.8864691,54,16,3,2.137402621,0.60722945
0,604.9552715,74,38,2,1.082266468,0.714810692
0,528.9168644,12,2,1,5.62812611,0.601384223
0,536.1395606,100,42,2,2.492037706,0.779067514
0,496.0444846,98,35,0,5.568805901,0.048271887
0,375.4261221,86,37,2,0.45088856,0.815206378
0,542.1920754,73,49,2,9.347989697,0.360747745
0,381.6741487,84,16,3,1.059156896,0.718992475
0,501.8418379,39,42,3,7.266704693,0.875122057
0,605.3641797,67,29,2,8.718662459,0.817795681
0,363.3121302,76,50,3,0.950464587,0.917517969
0,763.2382065,45,19,1,1.115823131,0.041970503
0,721.0523002,73,17,2,9.86447726,0.555840488
0,424.6035411,2,28,1,8.435869456,0.343015477
0,549.6714153,31,3,1,8.956529196,0.478583732
0,360.1432426,76,55,2,4.407658014,0.538772586
0,434.8163892,72,42,2,6.485270268,0.096550479
0,507.409478,73,10,1,7.97542479,0.063094681
0,561.2773905,21,53,4,2.625723714,0.045059582
0,519.652117,34,49,2,6.238889432,0.801008243
0,387.4510953,25,58,1,0.701180457,0.954369362
0,655.0500493,12,30,1,5.125826268,0.533605101
0,623.8283071,17,38,3,5.19998124,0.071946359
0,442.6337993,93,53,2,0.365203794,0.192802795
0,452.5054689,8,15,2,8.072109964,0.862209641
0,392.9107502,85,25,3,3.984004666,0.050022267
0,469.0453561,98,56,1,9.922419149,0.008031864
0,518.335992,29,13,2,1.419332108,0.877158604
0,420.1702755,82,27,2,1.01265181,0.126562137
0,650.1333652,10,1,2,8.817225235,0.108150756
0,344.9336569,20,47,1,7.229306722,0.431650854
0,760.1683114,68,8,3,8.278286071,0.409884131
0,494.0474644,84,8,0,7.612754564,0.471540127
0,413.600923,26,57,1,4.851319077,0.455364135
0,287.6104276,21,35,7,1.521746019,0.959379854
0,507.863519,13,46,1,5.343855642,0.515497476
0,545.9972143,28,52,2,7.865436559,0.122338576
0,483.8714288,80,39,2,1.806626989,0.079655841
0,562.2849932,38,20,2,2.882026939,0.821200203
0,455.3485048,16,22,3,0.266767626,0.823347477
0,425.1513463,25,47,1,3.145815465,0.74290872
0,424.4617068,4,54,1,3.250576434,0.286795729
0,595.5142321,14,46,3,8.793969933,0.211285038
0,885.2731491,20,33,3,3.617700058,0.559574842
0,372.0423033,34,49,1,2.981948779,0.948977344
0,435.0722455,98,21,2,5.396158506,0.494618015
0,406.6732041,8,2,0,2.541777143,0.895396268
0,538.531738,88,7,1,8.719850962,0.622972888
0,437.6231039,83,24,0,7.722591647,0.934536982
0,390.7687235,10,19,4,0.303392468,0.414447935
0,434.8399652,6,22,1,6.708266808,0.369944132
0,323.6959845,3,51,2,9.308981444,0.506369738
0,464.0707909,19,58,1,9.846443694,0.819517919
0,401.8491349,8,26,2,6.979717909,0.647167772
0,447.5479734,24,59,1,6.666360724,0.146960406
0,539.3485385,23,49,2,3.182549973,0.274648193
0,744.575198,91,10,3,0.262977267,0.921322967
0,403.1655545,25,23,2,8.842073518,0.799073419
0,586.5755194,11,20,2,5.776614367,0.968922874
0,662.8396623,59,9,2,7.196945715,0.690668015
0,605.3802052,63,19,3,3.480269632,0.869352848
0,434.6670767,24,23,1,3.669932671,0.742730729
0,524.1962272,31,53,1,0.912516591,0.118054507
0,396.0094073,73,27,4,9.895199595,0.498633506
0,561.0585745,22,36,4,7.969477556,0.733460272
0,672.754317,63,5,0,5.903131723,0.705283624
0,714.5149128,57,34,1,8.628792841,0.999329921
0,525.7550391,89,47,1,4.976879595,0.001931914
0,534.6503882,100,13,4,3.925261984,0.094870713
0,481.3128356,13,16,1,6.545661912,0.01680728
0,507.5804558,28,29,2,0.355821458,0.608213272
0,557.0890511,26,49,2,0.103455965,0.665509409
0,491.1717952,8,15,4,0.470390534,0.592988489
0,562.4119817,92,59,3,4.900042508,0.579494183
0,554.7097381,99,19,3,6.856030665,0.786666949
0,443.981896,97,38,1,9.180105101,0.797155106
0,377.4234337,98,4,2,9.842407168,0.308566498
0,521.4093744,39,57,1,8.798104357,0.78997476
0,620.8366231,24,19,2,5.319556988,0.812296055
0,519.6554777,100,3,2,8.036351472,0.942142482
0,701.3387248,43,9,2,0.440922164,0.461141778
0,603.7539944,11,55,0,7.60661342,0.750061324
0,375.2216818,7,17,4,1.659872216,0.367132835
0,600.3532898,74,59,5,9.287293693,0.793010308
0,644.0117215,83,32,3,6.438939418,0.911235415
0,523.2253697,85,34,3,7.64255674,0.304813145
0,280.1194043,15,32,0,6.250267878,0.161046215
0,509.7077549,89,37,0,7.304137529,0.517678668
0,515.0301761,7,3,4,6.373924979,0.124505254
0,300.1799315,33,43,3,8.32609013,0.261492904
0,347.4474829,9,11,3,5.196678965,0.056704651
0,572.1672064,25,43,3,0.082652979,0.333614891
0,445.3141059,38,29,3,6.202886526,0.38936801
0,500.304602,99,1,3,8.319900531,0.596385418
0,572.5766624,30,36,1,9.076163862,0.81314339
0,488.4351718,9,58,0,3.507372984,0.206916187
0,598.2690984,38,15,3,1.847139096,0.2459926
0,518.4836124,26,54,1,4.281233678,0.864993973
0,399.5859233,11,40,2,3.735196642,0.606525867
0,441.947655,71,40,3,2.904789592,0.403260421
0,553.6509844,98,8,1,8.251929348,0.162653854
0,494.9761891,21,21,2,9.311204519,0.518808312
0,550.7991327,88,38,3,4.563079117,0.002962721
0,269.8078835,30,21,4,6.364287438,0.015213095
0,301.2431085,100,10,0,5.267592877,0.842024218
0,504.7398671,87,23,1,3.09432471,0.013422915
0,660.7345576,1,32,0,6.598027014,0.688627302
0,422.6990216,20,46,1,7.938432929,0.936346947
0,567.4819492,81,11,5,6.249422751,0.710929637
0,616.0826787,44,26,3,6.345349334,0.949602147
0,652.9550319,19,28,1,4.358483595,0.667213292
0,537.1145873,83,5,3,3.498502361,0.597929427
0,591.7861947,85,54,1,3.563666378,0.92994216
0,394.2289071,4,12,1,5.235415939,0.462355601
0,492.9834289,13,37,3,9.643834188,0.931059031
0,536.8673309,93,35,3,8.39764724,0.127292533
0,353.6485052,30,51,1,0.405959853,0.642426573
0,419.1701715,38,27,2,3.900160607,0.975569463
0,603.9904687,81,46,3,7.29426094,0.489290158
0,442.3096344,76,15,1,1.275764689,0.011572199
0,493.4249739,36,12,2,7.946805755,0.894383076
0,442.3228669,20,5,2,1.717008366,0.404605883
0,395.3089017,91,30,4,3.099801364,0.865842289
0,716.3254723,80,56,4,8.118131069,0.190383271
0,520.2923021,88,3,3,6.594456587,0.698480468
0,433.7099082,94,23,2,1.88620519,0.411255188
0,502.6885839,39,23,4,5.959479508,0.485055331
0,494.5705133,77,50,0,7.643240002,0.738483972
0,557.7072127,27,55,1,4.156792952,0.244839551
0,592.4633683,86,12,2,6.408541364,0.496723826
0,437.4437298,87,20,2,8.752098044,0.263675459
0,557.0598669,22,47,5,4.997056733,0.542137509
0,352.1413754,37,57,2,1.529618706,0.382794308
0,492.5554084,77,23,0,4.760207069,0.725771047
0,362.8098857,100,39,7,3.633732085,0.033971321
0,291.8070592,57,7,3,2.38765894,0.599428392
0,684.6707326,96,24,2,7.024175282,0.959572588
0,615.8595579,33,33,0,9.298585005,0.877804799
0,454.06391,39,32,1,4.261152788,0.016921343
0,449.6524346,75,48,0,0.251397258,0.041250323
0,477.8746376,18,40,2,4.054039609,0.155918936
0,319.8019562,18,23,0,5.454566954,0.222353019
0,534.2725346,3,22,1,4.930767098,0.306344575
0,432.3607698,16,55,4,5.50613298,0.933135868
0,646.5648769,55,10,1,2.403123103,0.649532431
0,484.4322765,93,42,0,6.48146743,0.427404427
0,400.1645959,21,30,0,4.586579595,0.141166033
0,435.4880245,5,31,3,1.631146751,0.518638691
0,518.6454315,89,30,5,9.562459559,0.215469433
0,727.0692858,21,37,0,4.806701123,0.083845718
0,401.1408893,14,32,2,3.771119845,0.199648642
0,407.7834676,76,18,2,8.320947361,0.922435611
0,427.2862824,73,28,2,3.568998872,0.376388496
0,602.4062526,24,58,2,5.112980244,0.162022416
0,486.5982833,4,56,1,5.626409972,0.888884274
0,495.3079421,82,13,3,2.91384386,0.996848888
0,355.9949117,18,50,3,0.26383618,0.644793602
0,417.2769056,16,7,5,4.520885103,0.597910992
0,488.767195,86,33,1,7.590280481,0.7470085
0,537.5698018,75,3,5,8.682970182,0.325707335
0,475.2822617,30,46,0,6.329338805,0.290791944
0,448.6133083,33,55,2,4.970893094,0.606859808
0,653.0750832,81,45,2,0.077839703,0.300225454
0,609.8776852,93,47,5,6.387261822,0.000185195
0,626.6911149,15,24,1,0.015846445,0.579821773
0,339.2516765,21,18,0,8.363842356,0.712029357
0,315.9125769,8,57,2,8.487912528,0.470537935
0,573.846658,78,13,1,1.202509866,0.319074972
0,553.8910044,8,43,2,5.885860973,0.854746132
0,565.2322878,96,29,3,5.055858312,0.133352007
0,619.0646275,56,13,3,5.838898234,0.755080662
0,210.3744622,68,59,3,2.163009403,0.284871207
0,636.6874267,35,58,3,7.997627428,0.145491447
0,527.9968626,8,14,1,5.903809652,0.088437587
0,592.7840128,89,15,1,8.432620428,0.300806161
0,482.5040243,38,8,2,0.72547013,0.945831171
0,558.8317206,1,35,3,0.718145838,0.677101276
0,619.6631487,21,6,0,9.178474228,0.646252518
0,408.0575766,71,17,1,9.033011274,0.647111261
0,604.4160877,81,55,5,3.91771742,0.335786584
0,419.7722731,10,32,2,1.033780072,0.247506129
0,519.2049116,72,54,3,9.246626883,0.032018053
0,453.0824348,79,26,5,8.457085817,0.025447143
0,583.3528962,90,38,2,3.121282769,0.49475724
0,510.9394795,87,51,1,5.380675507,0.360321138
0,451.4636452,14,6,3,4.760587695,0.205271941
0,506.023021,73,57,1,3.198795767,0.355405407
0,512.5576453,88,58,1,6.299205041,0.671458031
0,455.4497479,28,13,0,6.453986743,0.326741062
0,398.7895625,84,43,3,1.170450727,0.164030731
0,455.9955513,3,58,0,4.731726516,0.543220094
0,718.9802933,47,50,1,0.949079098,0.504641056
0,498.7753227,90,59,3,4.195137093,0.43890874
0,377.7872191,28,15,3,2.924418046,0.998277429
0,670.2214945,41,51,1,4.902219747,0.969317203
0,568.1500697,32,37,4,2.780487483,0.0010223
0,689.6792983,98,1,2,1.053969348,0.648645659
0,623.6093175,57,49,0,6.160923211,0.678531411
0,534.7581705,74,2,1,8.174124553,0.049624628
0,432.8376632,6,59,0,9.268067091,0.727834163
0,397.8767183,8,45,1,0.413743825,0.877832168
0,548.2472415,5,20,3,2.845957945,0.155276603
0,596.3376129,24,40,2,0.786620583,0.022156629
0,650.3992989,81,13,5,2.368129275,0.422758777
0,474.0957854,91,40,0,0.148088611,0.611317387
0,596.8644991,36,38,1,4.532616834,0.831824118
0,444.7776956,33,3,2,9.275035513,0.807931845
0,426.4470057,71,17,4,2.130573507,0.970977192
0,505.7013125,93,12,1,4.895875962,0.224472869
0,575.5391226,29,49,2,6.537645031,0.445477683
0,715.3182458,67,48,1,5.298952966,0.279085136
0,656.4643656,4,59,1,5.816513327,0.336819111
0,668.7141635,68,11,2,3.786423834,0.287978608
0,439.9783123,4,49,1,0.3037958,0.311339243
0,376.3049289,87,52,3,2.077706294,0.135832428
0,424.4254841,27,55,1,6.73204246,0.925740632
0,462.0872259,4,40,1,0.942403505,0.842787246
0,543.0041647,29,20,3,3.386432714,0.145110735
0,415.3038652,28,24,2,2.586498622,0.525686056
0,509.7676099,73,45,1,4.891340317,0.749236331
0,486.1544016,76,49,5,4.494827621,0.953076589
0,330.753537,82,15,3,1.635550384,0.748827464
0,577.1698711,28,54,1,0.037676946,0.136252014
0,506.7518481,26,5,5,1.74708592,0.192172733
0,664.4967714,11,43,3,3.454611515,0.837330154
0,524.3339449,78,51,1,1.580923373,0.948845838
0,473.0593166,71,30,0,8.046416973,0.416118544
0,468.4730755,85,5,2,9.678623512,0.335092434
0,414.2842444,74,10,6,5.662961437,0.916422189
0,490.1110347,5,45,2,1.347157309,0.905876422
0,514.1716914,11,26,6,5.587069946,0.805011299
0,470.099265,24,11,2,0.04504481,0.457568848
0,507.7368308,88,4,2,4.963989217,0.071155256
0,566.2881269,20,21,2,7.26863566,0.470591816
0,551.3785951,7,16,1,9.997076378,0.400321482
0,445.6575229,16,24,3,0.864457532,0.427106563
0,456.7441812,84,33,2,6.37702851,0.505226478
0,650.3398302,27,20,3,3.598825978,0.764618734
0,293.25579,36,56,2,0.086690898,0.965442221
0,582.2544912,20,38,2,2.047139476,0.412669944
0,541.9019009,96,18,3,0.86862908,0.180018045
0,444.2508215,32,15,0,7.150763674,0.405156207
0,667.2572387,56,48,1,5.966305324,0.153618554
0,464.8486516,90,5,1,7.007586674,0.238287776
0,496.501151,15,58,0,7.349829716,0.642751914
0,576.0414656,34,29,4,6.89608019,0.405157672
0,581.2525822,84,8,2,6.886450523,0.733895371
0,373.9116046,36,19,0,8.462873365,0.411252398
0,523.2049937,75,21,4,1.392966894,0.435465525
0,499.3929088,31,3,3,0.142769817,0.949170505
0,342.3607843,86,46,5,4.132033806,0.132998587
0,471.9324923,86,49,4,1.78250144,0.184249474
0,438.6597336,28,13,1,5.032639009,0.253729199
0,508.1874139,27,33,1,6.8924402,0.712188194
0,657.745328,24,40,2,8.246812392,0.52481675
0,684.6636996,63,35,7,9.108789048,0.183873241
0,488.5460155,6,28,2,9.596261538,0.884874124
0,616.929559,13,8,2,4.898280605,0.658786118
0,644.3764604,75,48,3,9.305292677,0.41734792
0,644.6977884,11,31,3,7.751609285,0.696034732
0,467.5168616,99,40,2,7.127717935,0.35638243
0,685.2278185,17,4,0,3.404410801,0.02064344
0,477.6537215,2,31,2,1.69989813,0.789243789
0,566.9672549,30,10,6,3.668058851,0.302592153
0,471.1341361,33,45,2,9.229300781,0.762969389
0,564.719594,78,19,2,9.917788783,0.387706663
0,564.8280434,15,2,5,2.335418019,0.90217616
0,644.1273289,40,28,0,9.078726769,0.52187511
0,417.9317682,81,49,2,3.814153438,0.76488616
0,311.0459269,90,10,3,6.892616355,0.055578673
0,654.7505201,15,1,1,0.901136329,0.330111798
0,544.3819428,82,10,3,3.440754934,0.018338389
0,655.1151976,40,33,2,2.02083165,0.899857282
0,323.9237241,11,49,3,2.4384273,0.024111839
0,740.3415585,41,47,1,3.181632704,0.2248129
0,661.3711269,38,17,4,8.409238438,0.669331179
0,547.7040827,15,2,2,8.22736486,0.267844921
0,598.1765487,21,57,1,3.475998145,0.321240878
0,547.2597482,11,40,2,4.288390153,0.309541992
0,333.0594719,92,7,3,5.459025593,0.475620614
0,496.4173961,90,32,1,1.682604443,0.162916593
0,716.5002345,1,9,2,0.106919901,0.22140991
0,338.7284129,26,14,1,2.93761873,0.496303603
0,250.0594285,13,8,0,5.550056723,0.256150885
0,466.5498764,74,7,2,2.754579101,0.220243877
0,439.8293388,33,47,2,2.238180861,0.91444037
0,501.8433933,29,48,3,1.695635186,0.795461921
0,582.1902504,35,9,0,7.614588334,0.575279595
0,356.4137849,33,41,3,4.190877537,0.636942011
0,395.5190806,91,27,0,1.577036213,0.547811585
0,402.1627222,35,6,3,5.464210124,0.346432849
0,388.0330105,27,28,4,2.469632242,0.57848236
0,371.7007776,13,49,1,5.014474198,0.165540795
0,388.9424155,85,53,3,8.419306745,0.550743281
0,617.9440121,77,27,3,8.025645343,0.367787085
0,530.2635465,100,20,1,9.966726086,0.442509481
0,501.035262,86,49,5,7.215765261,0.912838858
0,502.1003842,83,34,4,6.113570131,0.177572003
0,352.147801,16,30,3,5.824009649,0.522981515
0,381.2401581,12,9,2,0.798564246,0.99026564
0,688.2024496,84,11,2,7.047955999,0.041218046
0,377.5701764,26,21,2,9.719245507,0.423425232
0,416.9049884,93,38,2,0.081983211,0.828059543
0,709.2387276,88,33,4,6.771063662,0.470095958
0,380.3793376,37,21,1,1.061254186,0.017430546
0,374.8460576,95,30,2,3.50922095,0.923384668
0,487.9051851,93,38,4,9.945257484,0.508347175
0,433.7376241,4,45,4,1.703672508,0.860370137
0,496.724673,3,39,3,2.94293774,0.940311801
0,541.9532444,8,55,2,9.565708575,0.41051664
0,341.6097177,31,4,3,5.351205077,0.617291076
0,530.7406698,93,51,5,0.142021562,0.506371421
0,559.992873,33,13,1,1.601964132,0.561119742
0,593.2590832,99,43,2,6.030038404,0.660647889
0,546.2103474,32,20,0,0.015794211,0.686886078
0,478.6557129,77,50,4,1.063681664,0.689888732
0,424.3204911,13,54,3,5.071438826,0.252561071
0,445.5080913,39,19,2,7.236094378,0.330380934
0,456.25417,19,51,1,6.883738794,0.742420512
0,682.6009714,84,18,3,1.556752128,0.015672374
0,463.716144,8,42,0,6.938453863,0.910346346
0,392.2255222,3,59,4,3.406854236,0.574574503
0,680.0940433,66,15,4,2.505815766,0.497575144
0,630.1741289,37,55,3,0.713229894,0.068987308
0,426.9633368,97,48,1,0.666823004,0.964389257
0,435.3063222,81,4,0,6.561111505,0.180818479
0,599.801011,17,45,2,8.766842135,0.724609194
0,476.3181393,92,17,1,0.628574875,0.7684479
0,370.5318524,34,56,2,7.89885738,0.365771519
0,581.5737213,84,11,0,1.534175794,0.380885122
0,490.1660373,100,13,3,3.406668208,0.969240608
0,547.3832921,33,59,6,6.164608782,0.259552249
0,532.4166352,11,6,2,0.225492215,0.567828111
0,465.1347866,37,8,1,2.235278223,0.145316456
0,367.9543387,90,35,1,0.202803149,0.236925921
0,533.3662105,19,17,3,6.174627479,0.129762233
0,507.1566237,13,48,3,2.332516913,0.336410547
0,528.1191424,13,56,2,4.623617841,0.816620504
0,408.1348054,98,57,0,6.119040848,0.082342163
0,416.4652947,7,56,4,6.326960414,0.726953869
0,611.7295832,72,35,2,4.328015612,0.024170352
0,492.2898291,39,40,2,2.109273361,0.979986107
0,532.875111,31,25,0,0.053141692,0.768206768
0,422.7174785,86,12,0,4.488316932,0.288125129
0,459.1924627,8,39,1,2.585005677,0.1663117
0,626.2584103,24,52,3,6.679244736,0.116402851
0,441.0635243,34,38,3,5.876901276,0.091353865
0,443.5921369,73,31,1,1.020749248,0.593687619
0,439.0487798,74,5,3,7.25093124,0.389386855
0,401.7512606,24,38,1,6.952741329,0.771964434
0,443.7712471,19,57,0,1.081693876,0.578916533
0,379.0358981,5,35,2,0.542711854,0.929425745
0,481.4341023,93,21,1,7.316043405,0.146801632
0,666.9021525,63,10,3,3.563864785,0.354019638
0,688.1157069,37,31,1,4.411161641,0.677868616
0,399.7470635,91,1,2,3.601621532,0.368517658
0,617.9297184,14,46,3,4.439882143,0.99037443
0,340.7006266,84,11,3,8.79852048,0.676999605
0,603.1844539,51,21,1,5.31600749,0.179119284
0,610.8703581,38,20,3,4.297370089,0.06641042
0,691.4031354,83,9,3,4.346573181,0.976834265
0,419.6325432,87,55,2,8.127568533,0.644838596
0,521.7432873,37,51,1,1.786628053,0.252200051
0,522.4092482,39,36,1,3.564766708,0.966056133
0,482.3052773,91,13,3,5.33521431,0.089613724
0,346.5885829,30,47,0,2.927415486,0.45276813
0,458.4712086,17,29,3,9.774250417,0.451741754
0,575.896922,79,27,0,8.629710273,0.034503876
0,485.2997998,100,12,3,0.294763521,0.081427689
0,560.789651,30,40,0,3.64639991,0.310040419
0,439.4285077,86,30,2,6.04115625,0.267329548
0,608.0780726,69,9,2,6.865865021,0.432967547
0,363.019702,75,42,0,6.146411191,0.210579191
0,571.299843,21,29,1,7.982729965,0.780520576
0,519.7599605,72,11,3,2.189701271,0.712118056
0,595.4001763,86,53,4,7.039134261,0.728386186
0,613.556564,68,12,1,6.261740738,0.978325476
0,532.876241,16,55,2,8.253212848,0.48175583
0,404.4459559,20,43,1,9.784443922,0.123305805
0,367.6910207,28,15,1,7.656048183,0.063911321
0,433.0927261,39,29,2,3.574831035,0.706819445
0,371.9695601,1,15,0,6.01410722,0.639617125
0,505.1945886,23,52,3,4.479751921,0.018457226
0,391.8451996,9,22,0,3.581447812,0.307432533
0,505.9218434,3,48,1,5.219349641,0.004344068
0,493.7320903,89,27,1,8.232686531,0.407994362
0,663.2411304,80,2,2,7.458922651,0.907681945
0,645.3534077,70,12,3,1.109948139,0.01212475
0,621.8761852,75,42,3,7.529816173,0.400234754
0,438.721131,75,45,0,6.168168844,0.557802681
0,551.5047686,21,8,2,8.433029662,0.366493579
0,614.87657,65,30,2,5.965160007,0.242577203
0,439.0217096,78,19,2,3.870673134,0.034750082
0,511.3517345,19,12,0,2.662456994,0.898144171
0,528.5865391,81,28,2,2.925404285,0.223906202
0,410.1585329,17,4,4,8.593328197,0.299592656
0,485.7620515,100,40,3,6.641527651,0.536923261
0,526.7392314,75,16,3,8.875624584,0.260555966
0,528.9774857,13,9,0,8.329316484,0.897243325
0,501.3001892,98,19,3,9.036178698,0.36438631
0,397.5612359,12,29,3,8.877243979,0.263960854
0,484.8214905,16,25,2,6.692570926,0.823980389
0,634.5420046,82,14,3,3.391645325,0.584268202
0,359.2536226,23,56,4,8.691216143,0.686938356
0,563.2781866,88,47,1,2.816793545,0.96869145
0,559.2526949,4,35,2,9.544015098,0.739524434
0,510.5375506,100,22,2,4.721167442,0.522697265
0,632.8194142,54,11,3,2.488163153,0.720667867
0,498.0362201,16,46,2,3.962355245,0.979103394
0,451.2088592,86,43,1,2.256946744,0.085629231
0,415.3206282,74,2,0,1.636240002,0.787250303
0,469.2221765,76,46,3,7.418327137,0.940946193
0,620.1213922,62,35,1,0.316200382,0.502301718
0,563.3776881,80,13,2,4.930291045,0.73958649
0,512.2297503,27,46,3,7.053626909,0.287109111
0,668.3927691,79,12,4,8.431779207,0.224638776
0,526.8592279,71,33,4,3.113754422,0.552032376
0,440.8428611,5,44,2,7.428988141,0.977674414
0,455.3566385,94,38,5,2.662334945,0.343420616
0,550.7835756,84,14,1,1.558806975,0.965993742
0,493.7406872,24,39,3,9.773690608,0.507203937
0,484.7530164,28,8,0,9.994963504,0.420843388
0,303.3643411,90,12,3,2.522690896,0.743299172
0,606.667469,69,28,1,6.63798392,0.320699285
0,485.5912444,8,22,0,6.88767516,0.252808911
0,342.9499396,17,4,4,7.220974463,0.043765847
0,600.6292809,86,58,3,0.244802658,0.021647903
0,522.4684726,15,49,4,9.182581679,0.255984954
0,559.740007,100,11,1,9.690376263,0.433250743
0,517.0865438,20,18,0,7.934365819,0.053025771
0,645.1143608,87,32,3,4.875816034,0.034291678
0,609.1310121,26,37,7,3.752464086,0.010073662
0,505.5724912,33,19,2,8.119814907,0.997021805
0,604.9009226,79,16,4,9.202723688,0.470347259
0,585.3415559,74,29,2,4.988728212,0.407991483
0,402.531833,71,6,0,8.602532864,0.083201817
0,495.2288644,87,10,1,7.959131424,0.693617638
0,615.8110874,3,6,3,1.556479928,0.616038528
0,240.8957708,82,59,1,0.394095353,0.675891889
0,679.5877673,27,30,2,7.704814531,0.322297473
0,491.7848822,99,53,5,7.996784137,0.962862334
0,554.3360192,28,3,3,0.342611228,0.424396293
0,602.2570432,10,23,1,7.857527239,0.155901244
0,392.9915234,23,52,3,8.143009837,0.680142843
0,469.4775296,78,29,3,3.168449437,0.140497315
0,579.1662694,76,41,2,3.919411898,0.124236706
0,436.1038252,21,52,4,1.795002605,0.657883935
0,481.4712341,100,48,3,6.5393136,0.833539632
0,632.915253,96,50,5,0.418216238,0.594121466
0,662.8615546,19,18,6,5.379195263,0.107855776
0,656.5524029,65,20,2,7.458642384,0.378847465
0,523.5614558,9,3,3,6.573188252,0.415734248
0,463.4678449,88,10,1,4.163921701,0.490358035
0,446.4764788,10,25,4,9.333103803,0.730244166
0,592.6177548,76,15,2,4.995491623,0.494597771
0,551.9346514,34,49,1,8.571929536,0.489893744
0,539.5803533,88,50,2,5.122110168,0.065005489
0,483.288192,31,22,1,9.91699461,0.211263732
0,460.6661188,86,15,2,9.971702514,0.649510494
0,683.1458766,99,9,7,8.158552557,0.116602966
0,423.6740843,76,20,0,5.939406209,0.689635742
0,413.9586635,38,25,2,6.062022536,0.422856079
0,630.5478807,6,53,4,3.088472748,0.599719011
0,539.467153,26,28,1,4.230755228,0.114829032
0,407.9326407,28,25,2,6.413932487,0.535614782
0,474.5022783,2,7,3,4.595995496,0.790166387
0,357.774629,73,18,6,5.048748151,0.678649437
0,610.3301882,28,45,2,4.520437766,0.338285592
0,490.4704468,35,29,4,2.761186324,0.543936412
0,654.2109953,36,36,2,8.329820747,0.159962917
0,424.572415,31,39,3,8.932666363,0.493835941
0,348.4808938,12,2,0,8.341115833,0.861233412
0,474.9166984,9,35,3,5.821807361,0.271965108
0,568.189149,97,6,4,5.771222699,0.003174298
0,649.0726137,50,49,0,0.82349144,0.90609745
0,344.4104354,87,12,5,8.415157241,0.538194372
0,429.9879185,26,33,0,7.184472813,0.449259892
0,492.9501222,94,31,3,5.938737677,0.002668168
0,391.894346,3,52,3,8.253779779,0.613527884
0,356.9224898,17,58,1,4.281135697,0.109782954
0,448.271155,19,22,2,3.939778289,0.682644882
0,385.3654607,13,46,0,2.778669001,0.164147741
0,719.0455626,70,3,1,1.411096483,0.034880306
0,467.8614158,35,25,0,0.864246324,0.079641606
0,399.837999,13,55,4,5.081637905,0.470288477
0,557.92915,98,37,2,8.22517802,0.46630299
0,506.4280019,25,56,1,1.606031464,0.734404643
0,518.6766764,31,45,1,5.272259783,0.626179453
0,597.5545127,26,56,2,9.265477808,0.647670003
0,443.7533224,35,30,0,5.022748646,0.205271675
0,379.9703593,12,54,0,3.578132797,0.573276689
0,544.001445,37,10,4,8.540163337,0.321021526
0,529.929258,9,48,2,6.025258901,0.529910609
0,466.2914029,95,52,4,4.32601326,0.57136397
0,548.6501644,3,21,1,6.455114855,0.893808543
0,387.0948229,23,25,2,7.799604605,0.037938313
0,522.4451819,76,15,2,4.697992207,0.038616606
0,553.8755992,32,59,1,8.96571525,0.619966291
0,467.7938484,26,15,1,4.471605045,0.078818077
0,469.0827877,1,28,1,2.142554343,0.581530474
0,485.2942618,33,19,3,0.180379095,0.675404437
0,647.654035,38,14,1,8.768425319,0.022366534
0,624.7742073,33,55,7,2.453047171,0.645759572
0,588.9630796,82,42,2,5.494895735,0.436041583
0,403.3023857,8,2,3,5.867315274,0.847569048
0,473.1111309,73,1,1,7.528170261,0.713461948
0,537.405657,90,7,3,0.960069465,0.160374235
0,333.9039066,34,48,0,1.145452996,0.623438134
0,674.9576743,37,1,3,5.466794999,0.116017387
0,455.6717749,13,54,1,4.906474993,0.050520227
0,450.6999065,13,10,2,2.60062748,0.078901829
0,420.3104745,90,32,5,9.135109668,0.667190345
0,385.6995087,13,53,1,9.765019736,0.667936745
0,487.01793,77,18,2,9.226231491,0.405102127
0,533.7602662,14,58,3,8.635465317,0.644563155
0,603.0283454,33,8,2,1.264802567,0.492078187
0,506.4474415,94,58,0,3.96356172,0.883829323
0,511.7327383,34,54,1,8.433733207,0.801605677
0,554.2560044,76,45,1,4.914072634,0.870395908
0,480.3650151,89,26,4,8.410449825,0.044477189
0,607.363175,35,2,1,1.068852955,0.19199195
0,513.6535331,85,52,4,3.939875077,0.311166965
0,362.0680772,92,36,2,8.725740193,0.826641804
0,482.73727,26,47,0,5.377724913,0.032460142
0,492.5566571,77,34,1,4.208772497,0.889446758
0,474.2623463,82,54,0,1.811944595,0.143060682
0,463.504727,35,8,1,3.524359415,0.795087461
0,431.8948343,16,3,2,9.609041541,0.023776702
0,630.7142754,58,4,2,5.208740366,0.488097016
0,618.9470489,86,19,3,6.2648564,0.862788546
0,539.9223123,31,22,2,4.594833011,0.104012454
0,526.7050266,99,36,0,4.255633657,0.052087907
0,312.9208079,97,54,1,6.827272978,0.282947568
0,490.3286888,24,19,0,8.241799996,0.383080281
0,238.0254896,39,34,4,9.754505241,0.554699177
0,603.0999522,51,47,2,9.468425517,0.941634852
0,608.5895566,21,32,3,6.617907138,0.394787509
0,708.8374705,47,47,1,8.071919704,0.752473091
0,517.9894151,35,37,1,5.30115565,0.961666772
0,376.2184501,12,3,2,1.918361146,0.786928106
0,517.3180926,76,8,2,7.312211099,0.084728683
0,605.7122226,10,48,1,6.835924252,0.206760524
0,482.705394,94,17,4,8.322379416,0.07167938
0,399.3982619,98,32,0,5.225728203,0.38977532
0,462.5179192,18,43,1,3.523023544,0.402445138
0,491.928342,21,16,0,2.685991615,0.17469963
0,409.5683375,88,1,4,9.872144548,0.538583386
0,340.5572341,23,43,3,0.658940182,0.465770195
0,414.3916174,39,47,2,2.82155584,0.50603627
0,545.6753219,14,38,3,2.656094577,0.66619296
0,252.83555,6,46,4,0.631605282,0.985806821
0,495.053629,5,44,3,5.587294435,0.600140483
0,560.6009951,75,51,3,6.079577027,0.769395777
0,556.0784526,99,16,3,7.625711128,0.83850099
0,529.6120277,86,36,2,3.907529846,0.931019276
0,428.7154217,94,26,3,7.59428705,0.554693686
0,444.1078153,7,48,1,9.334410072,0.287131837
0,571.4000494,22,4,0,3.353382383,0.358507631
0,358.1634267,37,36,1,8.030562179,0.36454197
0,601.4370065,69,52,4,1.746500655,0.809342829
0,389.6410683,10,36,2,9.063914824,0.059874627
0,501.4688195,23,38,1,8.029663011,0.641597329
0,500.5113457,7,41,3,8.030060305,0.647446924
0,501.5579048,7,59,0,5.411615591,0.018558337
0,511.092259,92,21,1,1.341196227,0.587179128
0,568.626019,28,28,2,4.68818958,0.261624806
0,492.7989878,21,16,3,7.266044373,0.62911362
0,561.5935607,30,28,0,1.854118178,0.873473171
0,563.8592459,34,4,3,8.816745103,0.250443402
0,356.9858622,3,6,1,3.782738937,0.304635832
0,465.0742296,17,44,4,0.55672815,0.798540915
0,497.9098406,20,41,2,1.978244288,0.723229459
0,591.9076483,84,54,2,1.509159827,0.981684506
0,494.2381203,99,31,3,2.196190455,0.999635625
0,647.7894045,54,17,1,4.427649569,0.428564613
0,556.8983079,86,32,0,5.800384879,0.175202363
0,446.9498852,93,18,2,8.445215313,0.990374209
0,462.9385668,29,40,1,7.961859484,0.749752879
0,714.2270359,30,44,0,5.460499319,0.437124274
0,397.7207435,8,41,3,1.6730138,0.352877351
0,571.1614878,35,53,3,6.838430306,0.608534643
0,442.882101,19,5,1,1.853539757,0.362295433
0,484.006147,94,45,2,7.869686484,0.317073219
0,333.1415926,12,10,1,6.719438858,0.924633678
0,389.3474091,39,34,2,2.819993527,0.003577545
0,230.3113357,75,29,6,1.578307262,0.250986486
0,518.3342006,25,10,1,9.686386653,0.270248875
0,659.4505063,3,38,1,7.911971621,0.410809262
0,470.5050322,25,57,0,8.090326995,0.205055093
0,423.2652437,4,38,1,3.916755965,0.579379727
0,553.6652753,22,33,1,9.325431261,0.132143378
0,479.0976743,19,51,0,8.502673943,0.172441079
0,713.3033375,11,10,2,3.338149117,0.619897952
0,428.4696291,72,33,2,3.239792747,0.822274711
0,527.1578837,87,32,5,2.661583861,0.26515623
0,451.6813538,34,1,6,2.268859148,0.226099194
0,707.5400799,61,6,0,7.427214972,0.890826754
0,639.9355437,25,21,1,8.183152117,0.894749221
0,624.6085192,35,49,3,9.680209612,0.422478751
0,600.9817089,54,20,3,8.806684626,0.300952276
0,573.2640077,85,55,1,1.888693828,0.831888064
0,529.6984673,88,14,1,5.137038656,0.971484215
0,625.5756126,24,58,6,1.920336524,0.460972052
0,387.0293145,17,25,1,2.931559423,0.085751051
0,652.3029856,19,49,1,4.995487013,0.37337856
0,524.0753179,93,54,1,3.582894636,0.318675154
0,444.8141854,27,58,1,0.934679369,0.204455381
0,448.3955272,21,59,1,7.734740178,0.327250308
0,639.0207549,38,59,2,2.586817738,0.378849612
0,614.2822815,57,9,1,8.154877656,0.822636272
0,479.187775,30,24,3,5.429263891,0.837022131
0,469.0787624,35,39,2,8.108281134,0.140903944
0,406.0664606,93,39,5,3.736346521,0.70428427
0,591.6327675,24,7,2,4.018396857,0.722647202
0,494.3054376,37,53,2,2.242583832,0.554931644
0,586.960592,72,30,1,3.612663884,0.666270137
0,349.6857047,74,47,0,0.231467719,0.782512008
0,462.7166848,28,4,2,9.134129382,0.940121893
0,506.8562975,88,45,0,8.103643998,0.052245584
0,555.8326913,75,39,2,0.593088948,0.293922729
0,522.2133772,92,6,3,3.408830155,0.168213602
0,534.6488476,11,16,0,7.169752736,0.3213511
0,417.4502803,85,26,4,9.342532991,0.323629125
0,357.5251814,18,39,2,9.823905545,0.14077834
0,650.2357052,63,55,1,7.759768498,0.618043679
0,642.0504248,70,49,0,4.023095338,0.881712671
0,442.310813,25,52,0,7.907029037,0.520019546
0,297.4857413,23,2,1,4.703715674,0.552503476
0,639.2002286,25,26,1,1.377629294,0.548951741
0,520.8863595,91,36,2,3.303076876,0.010071135
0,347.6813095,30,38,2,0.451158786,0.85614615
0,510.4201104,37,10,2,0.743315514,0.655172143
0,453.7724711,11,28,3,0.266025636,0.269510621
0,666.9904504,71,39,4,9.21433629,0.949898984
0,257.6120673,56,25,3,2.499987352,0.57911427
0,477.5234598,11,27,0,9.505344745,0.546522458
0,513.0740577,27,5,2,6.303977313,0.020477083
0,338.6438602,94,13,3,4.645122505,0.842457728
0,471.8899707,21,28,2,0.629714087,0.458806954
0,481.6016664,19,51,1,9.149299366,0.243001914
0,234.9030192,41,5,0,6.273170784,0.800515125
0,359.7394728,34,17,0,1.134736376,0.460337232
0,617.2729019,44,15,3,2.415850007,0.659375187
0,498.0983792,15,28,0,1.163484499,0.939335016
0,304.0329876,15,47,0,0.197257465,0.274790264
0,612.656503,51,54,6,5.52160827,0.077631885
0,687.6170839,14,28,2,6.616933017,0.519226744
0,244.6078865,90,58,1,4.647248031,0.890745592
0,461.5444456,6,21,0,5.237584966,0.187610989
0,377.2392185,97,46,2,7.952165865,0.509083307
0,807.8880808,21,40,1,2.400847019,0.200766729
0,496.2777763,10,17,2,1.391600109,0.079129289
0,348.5152775,98,56,4,1.249198107,0.408741037
0,504.3811472,7,51,2,0.567199536,0.96199391
0,443.370227,82,49,1,1.792962353,0.10655948
0,396.4757678,94,9,3,3.696431176,0.46249021
0,485.5639588,2,49,1,0.870820496,0.91270101
0,582.7183249,17,35,0,5.586223369,0.398006438
0,544.4602668,5,17,3,4.709208264,0.368270325
0,428.1592734,96,31,0,0.693953149,0.816767573
1,461.4686403,70,49,1,0.462581893,0.98157903
1,520.8382808,65,24,1,0.313615688,0.256293162
1,559.0654831,63,37,5,1.382653439,0.825301562
1,547.3237625,57,44,1,6.079593508,0.118345334
1,572.2381358,46,52,0,2.948656281,0.948975665
1,540.8252756,43,12,3,3.562113173,0.019248964
1,525.9882794,69,19,2,9.561328563,0.934036491
1,387.7277978,56,15,2,0.965886825,0.303807126
1,451.2393776,48,16,5,2.146379629,0.478097019
1,491.087996,40,46,3,9.275170157,0.416260999
1,445.5617275,63,38,0,1.980309466,0.513238572
1,438.8482197,50,15,4,1.581265696,0.969249139
1,495.9842049,40,43,3,3.977289756,0.006495016
1,402.1236284,45,2,3,7.078806952,0.931422194
1,472.31867,45,42,1,3.372199099,0.441848087
1,477.9035826,53,19,1,5.339284405,0.419539645
1,561.41667,55,37,1,6.440264371,0.958122795
1,455.3816567,66,21,1,5.849927336,0.714348275
1,554.3600155,64,12,7,5.54866917,0.316747183
1,539.3317839,53,31,0,2.733288767,0.255980759
1,367.1813951,70,41,1,1.351830542,0.109399925
1,460.0363814,68,26,3,8.008094947,0.44698629
1,547.4698233,46,35,1,4.482280145,0.744170997
1,486.1735699,60,34,1,1.05598396,0.699106205
1,550.0917188,51,10,4,0.254726917,0.873672727
1,361.9898542,47,38,3,3.096819583,0.65025072
1,519.9059696,48,41,1,8.715072135,0.776403322
1,358.4629258,55,2,3,2.042386206,0.779576449
1,595.9270826,63,6,4,6.976463828,0.702338434
1,407.3069528,60,57,3,7.724109996,0.754231323
1,532.6927374,49,17,2,8.321911523,0.630970445
1,402.8385961,55,53,1,0.980054149,0.767495834
1,453.2298799,68,30,2,5.32711622,0.329077417
1,516.0573981,68,33,2,1.693318574,0.174946014
1,597.5119733,62,1,2,7.640368232,0.479216257
1,518.6609123,57,13,1,8.57660397,0.251545553
1,434.9357431,47,14,2,8.969940782,0.366241181
1,585.6398794,51,51,3,0.124255938,0.68060387
1,451.5765927,47,29,5,0.664731302,0.630521142
1,536.1636025,64,55,1,8.04304713,0.132643874
1,540.4981711,41,23,1,8.499875932,0.473569499
1,493.3920201,55,27,0,6.865742921,0.333085548
1,434.3105721,48,52,1,3.37945571,0.539348205
1,509.9332305,55,21,2,2.210788737,0.021192246
1,582.9405581,62,23,2,6.657154353,0.67211446
1,524.3687211,51,59,0,8.674770235,0.906109081
1,565.6553609,68,19,1,6.399563851,0.032062696
1,504.0591691,59,44,3,1.796087388,0.51079203
1,454.9934529,46,50,2,3.566217988,0.187728075
1,371.9570648,48,54,0,1.047625365,0.156709296
1,547.3592431,48,1,2,1.275681514,0.658866667
1,492.7171087,66,23,1,5.757852109,0.996450505
1,419.1506397,60,48,0,9.092323765,0.510060229
1,528.257995,68,17,0,4.550154385,0.105241898
1,414.9479546,60,2,3,7.063687719,0.81570927
1,435.3427116,61,34,2,8.871065125,0.065199767
1,452.2342553,64,23,2,7.34073531,0.726182135
1,541.3434903,61,54,1,3.850506792,0.894523237
1,533.1263431,46,16,2,9.809863028,0.21790447
1,449.8242956,60,52,5,1.017545285,0.621962624
1,524.4966571,47,22,1,2.875500394,0.835023588
1,447.7276979,44,22,2,1.441678158,0.765153161
1,481.3028697,46,52,1,1.209997675,0.411555747
1,401.039518,68,47,2,7.715888645,0.800410862
1,429.8008312,47,48,6,7.350231982,0.55676872
1,497.5874913,70,13,5,6.666133866,0.417387128
1,499.0881003,61,14,3,0.758515573,0.661000299
1,420.9525545,49,42,2,0.370519937,0.719033339
1,582.0482181,67,12,0,4.248307366,0.170860199
1,327.5082167,64,57,1,8.057047925,0.411993989
1,380.8696503,50,29,3,9.85922659,0.661382078
1,479.7807348,61,20,1,7.588888501,0.769933436
1,563.2931818,62,38,2,4.582832164,0.167132417
1,475.1035852,48,34,2,9.993162682,0.129004175
1,484.1470427,66,16,3,2.760860885,0.892030115
1,581.2862119,69,27,2,8.964728573,0.928106089
1,538.4065449,53,59,2,6.01386986,0.486807077
1,476.5863043,63,53,2,1.26195091,0.917456222
1,453.9361229,61,25,3,5.670123254,0.400845236
1,533.0880232,44,44,3,0.110284485,0.792169136
1,510.6430228,40,17,2,3.14044003,0.080336867
1,548.1009232,47,34,2,8.464351763,0.611576545
1,313.2734807,58,57,0,5.381370677,0.17185687
1,583.8490774,46,28,6,6.013168243,0.825758458
1,471.8215391,64,40,0,7.736473951,0.252334004
1,575.3341621,56,35,1,1.525742243,0.897763578
1,556.5509646,69,41,1,0.226044394,0.634077061
1,559.4754342,53,8,4,6.162173963,0.134720445
1,555.9790448,68,8,2,0.628926225,0.388656002
1,520.3463636,44,15,1,5.557048604,0.625217059
1,431.0812182,52,11,2,2.769978185,0.651489154
1,594.9554135,64,17,2,2.097754138,0.752942888
1,436.2612873,52,18,1,5.5918588,0.766557294
1,432.228463,42,15,1,1.593902657,0.942402865
1,497.4973041,69,10,4,4.466019011,0.897047388
1,359.3338903,69,20,3,3.385266347,0.608684221
1,577.4634053,42,41,3,9.971318942,0.127623186
1,424.0867338,57,59,3,2.85361386,0.311193602
1,570.9003758,45,32,0,5.625121191,0.397207304
1,519.6861236,47,5,4,6.951964597,0.659820843
1,521.645859,42,41,2,8.296686803,0.217224099
1,533.8496407,41,9,3,5.102470998,0.647669356
1,531.4247333,45,6,3,6.19348249,0.57773577
1,534.361829,50,27,1,0.028421537,0.199685426
1,596.4087168,56,29,1,4.673572883,0.897482885
1,443.5752401,63,17,3,1.622355481,0.620031608
1,470.9725456,52,34,2,7.926774878,0.350071312
1,394.0786478,52,56,3,7.528089945,0.488779388
1,457.311893,40,8,4,0.161082185,0.713219005
1,444.9694846,41,55,6,7.008179626,0.326320257
1,434.8643106,41,6,2,0.550377089,0.011047145
1,450.6243417,49,2,2,4.483669354,0.524449394
1,385.7029702,59,3,0,8.341386605,0.527563721
1,304.79122,46,34,1,7.277063701,0.082735083
1,563.5171802,62,20,3,5.569251024,0.832528349
1,461.1823181,41,54,5,2.960638407,0.070237306
1,550.7274031,59,33,1,4.170532037,0.311120681
1,587.1124703,49,51,0,8.4656117,0.976490034
1,551.4438834,62,49,0,9.654106994,0.121464771
1,428.0155792,69,37,2,6.88999985,0.114506196
1,469.7530314,70,17,4,6.376640461,0.80137225
1,389.3665026,64,54,3,3.669981473,0.478993934
1,472.4948303,48,59,4,9.860674802,0.64352416
1,479.0676323,43,50,4,1.723904683,0.093453913
1,448.8784324,66,55,1,2.785679532,0.603726718
1,523.4214733,47,2,5,6.882332773,0.814553787
1,429.5656309,41,41,0,4.407652477,0.317354084
1,442.9253706,55,38,2,1.61597956,0.639562098
1,457.9015519,49,21,4,7.17219231,0.680928537
1,457.1884839,56,54,0,1.203404402,0.552830356
1,439.438446,59,30,1,9.639437343,0.190948859
1,472.727643,51,1,2,4.836090068,0.15436177
1,550.4046516,53,51,1,6.306361905,0.341102714
1,586.0473488,53,39,6,4.211358562,0.439973767
1,517.7701001,47,15,3,1.073012104,0.67035364
1,476.1051953,51,48,0,9.610209358,0.033650332
1,508.6589787,57,46,2,7.844081166,0.851110826
1,520.1099047,47,55,2,6.774667689,0.495733795
1,530.1547342,56,59,5,4.80126229,0.755431101
1,549.4030186,50,48,0,4.0436443,0.368879092
1,570.0309879,46,40,3,0.278497776,0.950343477
1,593.8283806,46,29,0,7.618872789,0.880548342
1,444.6411758,45,17,4,0.705049556,0.256897806
1,505.8208718,60,55,1,9.623029832,0.903980009
1,564.537595,51,11,2,3.288018046,0.633028905
1,365.287371,66,31,1,8.26903544,0.168385298
1,422.6210801,61,30,1,4.176390059,0.213060551
1,398.716888,48,54,2,9.866967961,0.392699113
1,542.4165946,53,56,1,0.302932265,0.727709518
1,504.886007,42,35,2,5.858976034,0.763502085
1,384.9006423,47,20,1,0.564013578,0.476489397
1,446.024032,60,32,4,9.332250613,0.855088664
1,440.0607355,63,50,2,5.769673105,0.936148105
1,589.9599875,59,55,6,2.419606357,0.470283936
1,562.0672098,59,56,2,7.271044491,0.999364932
1,516.6452208,41,17,2,7.907730637,0.747174171
1,432.6509376,55,42,2,6.152282028,0.846003423
1,402.4126747,59,42,4,5.314859273,0.395405011
1,467.8364949,58,40,3,7.975174067,0.856568196
1,527.8994162,58,53,4,4.431800751,0.472197839
1,509.6995965,47,27,1,0.524056865,0.93249178
1,498.3577104,48,15,1,2.815096208,0.573950423
1,439.6014813,65,36,3,6.275061542,0.211799289
1,366.8767046,47,59,1,1.646272466,0.858309441
1,417.7779604,41,15,1,9.411355849,0.485071986
1,585.2433335,43,39,6,9.695568752,0.990531905
1,477.90304,41,54,2,5.114810468,0.915927746
1,355.1915659,57,59,1,0.222724551,0.250246325
1,337.2457562,67,35,3,3.988414119,0.439655734
1,492.8398741,55,30,1,5.134979613,0.752122838
1,428.1555779,48,22,1,5.541287162,0.742660719
1,372.3251424,51,58,1,2.15120597,0.255410421
1,433.8213535,50,47,2,7.66705238,0.200350851
1,452.0825762,69,22,1,8.981238347,0.42175498
1,579.1031947,68,6,0,1.337606951,0.185207512
1,525.9722502,66,5,2,9.98899287,0.41092157
1,380.2122107,68,43,1,4.235405772,0.284856131
1,563.3919022,52,59,3,2.914841368,0.180387476
1,595.6702317,65,13,3,5.76080879,0.056080169
1,555.0052099,43,56,3,6.938806887,0.401690569
1,558.6364019,65,50,1,9.09460798,0.992863434
1,575.892859,46,30,2,9.891855749,0.10675633
1,411.2507822,41,37,1,8.434791691,0.866128752
1,442.4181759,62,56,2,5.823574551,0.683018318
1,552.9804178,61,45,2,0.059240655,0.460920773
1,452.1251378,63,29,2,7.849556153,0.42463116
1,568.1952971,60,22,3,9.640541301,0.303733089
1,488.8773939,59,13,2,8.341254332,0.64301298
1,530.7801769,56,46,0,0.98434709,0.182923998
1,468.359155,45,13,3,9.985981679,0.10671386
1,359.1538704,63,51,1,9.945591406,0.622626027
1,364.0143859,42,48,3,2.956383318,0.569982819
1,523.8789159,60,29,1,4.144809793,0.393944265
1,465.7312406,55,7,0,1.367222764,0.973877767
1,496.2365298,56,41,1,2.008287502,0.346175077
1,557.2582781,57,51,2,6.343293573,0.318604371
1,520.7687687,53,39,2,8.101254277,0.154016325
1,564.0842861,53,59,2,7.845056023,0.392444849
1,487.2082409,48,50,1,5.425478623,0.440127697
1,409.0612545,50,6,2,8.857019135,0.681313185
1,439.936131,57,51,4,2.947148469,0.721648544
1,564.272276,45,24,3,2.389046957,0.930477592
1,593.5678393,49,49,2,0.615566776,0.613445473
1,512.0031327,59,59,4,0.477997097,0.597795833
1,403.5076539,42,3,0,2.939613764,0.259240135
1,475.4256936,66,42,6,5.003336557,0.544182154
1,538.8578605,57,53,1,0.695087714,0.965994495
1,521.9150328,66,59,2,7.369963117,0.521148906
1,406.0120214,64,1,0,0.013555245,0.532245807
1,402.6931059,43,28,2,2.429684585,0.521823225
1,542.5457562,67,43,1,2.522789596,0.682493034
1,549.0974952,58,58,1,4.459473053,0.741660809
1,451.6114166,50,54,1,2.65895242,0.461778156
1,543.693817,48,15,1,5.718483289,0.835692587
1,473.0125065,46,21,2,9.3156498,0.839049168
1,446.9131227,45,32,1,0.217388381,0.302383606
1,556.2969237,46,3,2,4.789705615,0.257657023
1,467.3976468,46,45,1,0.638663733,0.700214659
1,328.9831607,65,30,2,9.168065781,0.131215483
1,463.6387788,68,11,2,7.163544829,0.970600068
1,558.8578404,47,19,2,1.651729995,0.93554554
1,476.5846625,49,23,2,8.699295624,0.902122238
1,525.6029734,49,36,1,3.993261464,0.56910698
1,496.7305252,61,13,1,6.554534565,0.978578395
1,456.5503773,68,9,1,5.619813416,0.144852827
1,496.5315113,45,59,3,8.357215966,0.835909582
1,509.1760777,57,32,1,3.132760111,0.268282196
1,420.7127168,59,42,1,4.880382243,0.675189416
1,515.0418905,48,42,0,5.665640032,0.117599617
1,502.8318376,51,19,1,3.985659616,0.600181944
1,524.3800714,60,35,1,0.347161522,0.563094278
1,490.0824136,66,49,2,4.510892875,0.334722687
1,556.390912,47,46,4,2.498762102,0.666470196
1,316.3794627,52,38,4,1.486725637,0.480740912
1,475.096396,64,59,1,2.596106252,0.015562546
1,429.2330534,48,18,2,5.232924629,0.37008928
1,555.2489954,47,32,0,4.066255175,0.711952988
1,448.1729782,46,4,2,2.53252817,0.726585766
1,574.7293605,68,20,2,9.118724848,0.442850197
1,541.3799097,43,25,0,5.641269438,0.247618887
1,440.0624977,59,57,0,1.670556695,0.512031619
1,574.2095372,44,21,2,6.707030741,0.630458297
1,564.8709888,61,37,2,4.323559921,0.494589778
1,396.2753846,45,54,5,4.077392162,0.845081638
1,496.6873027,47,22,1,8.079656893,0.445458688
1,462.8559134,45,58,1,4.166948397,0.059625524
1,454.1115737,57,22,1,4.80980246,0.81110604
1,428.5648582,61,4,2,7.583026172,0.593750752
1,498.4690151,59,39,3,3.047228061,0.3952541
1,567.9597749,44,50,0,5.871328016,0.562669541
1,507.6821891,51,37,1,4.514076704,0.851257849
1,581.3509636,50,30,2,1.010885942,0.737603096
1,565.8544273,53,58,2,7.947977548,0.599118685
1,475.9674602,54,53,3,7.833366919,0.286812625
1,488.5263559,69,33,2,1.756001397,0.74827682
1,518.1866255,51,23,1,4.479954547,0.347047026
1,470.830625,45,22,2,0.018120339,0.074661645
1,497.3486125,44,39,0,0.347399474,0.732304192
1,535.7112572,41,57,1,1.11034923,0.838704525
1,494.4415329,69,51,2,2.489289877,0.926208174
1,319.5117899,45,19,0,1.484016965,0.469323297
1,518.4680306,42,44,2,4.509073382,0.772744145
1,531.9781934,65,55,0,6.042054799,0.132330556
1,545.9180079,49,58,1,7.557912429,0.822750015
1,452.8961694,58,48,3,4.265456986,0.708169922
1,418.4189715,41,6,1,7.116820594,0.994450089
1,461.229844,64,32,2,5.986371788,0.861286333
1,599.6047686,67,9,4,2.751277574,0.422292113
1,572.7629544,47,20,4,2.369803184,0.656471518
1,371.00391,41,33,1,9.646228556,0.657568306
1,376.9135684,57,32,5,7.845365187,0.584576473
1,470.2436497,45,50,2,5.73653203,0.707267919
1,502.609105,56,18,1,5.02843062,0.333039235
1,574.6253566,64,6,0,5.810464913,0.334520974
1,596.3879117,51,40,0,1.782617815,0.435840369
1,453.4270246,58,31,4,9.377416549,0.600253033
1,524.9383684,41,56,2,1.780203243,0.997227205
1,379.0305257,44,4,3,6.709954611,0.758773562
1,501.2592401,70,9,2,1.62776101,0.604108901
1,509.6120777,44,7,0,8.751209924,0.289737601
1,421.4010539,49,32,5,6.964377927,0.591430159
1,490.39401,50,59,1,1.44103963,0.553840292
1,512.9221182,46,47,1,2.610286653,0.053999292
1,540.1711722,40,19,4,4.139676985,0.416834615
1,437.3032942,42,43,6,8.621040735,0.274736251
1,362.2330632,49,51,2,8.921529169,0.483311449
1,541.2780927,61,19,3,1.718737025,0.501712817
1,591.5402118,57,47,3,0.491526287,0.395356511
1,491.0264306,61,36,1,4.02131155,0.212180383
1,365.1814578,65,57,2,5.601718956,0.591509532
1,368.8163768,62,59,2,2.823971101,0.092555446
1,478.0328112,70,22,3,3.242508739,0.313575132
1,431.1849655,65,3,4,3.972421315,0.539379318
1,423.2202435,54,45,2,7.019472001,0.103730165
1,537.7211875,67,27,4,7.054895486,0.18372834
1,497.4445929,69,43,0,3.753773539,0.093909965
1,583.0335817,41,52,4,1.603204714,0.273709917
1,469.0883536,68,4,1,3.542460032,0.296717452
1,504.8521628,52,1,3,9.73780501,0.810469617
1,406.217496,64,18,1,4.704733197,0.335970307
1,361.7200269,40,28,0,9.607280882,0.47748805
1,557.6556963,50,38,4,4.304935834,0.645964262
1,477.42237,55,40,3,6.593503031,0.424245703
1,452.8068134,63,5,2,2.773467617,0.418374705
1,587.0067731,42,20,3,7.653324309,0.260517445
1,377.915635,47,51,3,3.348183447,0.256444017
1,478.0899471,64,12,1,6.23390387,0.472980981
1,421.6746708,42,26,2,8.975286224,0.001131475
1,370.3168052,59,23,2,9.147518314,0.957982054
1,512.5224503,58,10,1,8.222111553,0.104472986
1,570.7751935,42,27,3,6.529927315,0.745738315
1,569.8223314,55,54,3,2.104617477,0.54094236
1,389.6633394,54,56,2,3.858125218,0.2428015
1,444.4522881,48,23,0,8.521477478,0.062125771
1,427.4256187,65,13,3,9.422337195,0.423326727
1,442.4362174,64,59,2,8.050148801,0.072422313
1,585.0221742,51,11,2,7.574625233,0.60387799
1,351.5102032,59,24,3,0.741087493,0.517845312
1,502.8744823,43,5,1,2.92608894,0.073051777
1,538.1158385,51,51,3,8.591890387,0.519443018
1,593.4319911,62,8,0,6.156119519,0.588105198
1,475.5843365,54,30,0,6.09303719,0.232265726
1,584.0643549,60,16,3,8.930013624,0.396911924
1,574.3264094,47,40,0,1.538259245,0.632999444
1,415.0155631,55,46,2,2.875534564,0.364957188
1,525.049285,49,58,3,2.402625845,0.466393617
1,562.1809962,68,49,0,5.924407554,0.746726437
1,374.8886424,67,1,0,0.612987944,0.531360832
1,335.4601253,54,56,1,4.930182085,0.63545718
1,519.4089993,47,18,4,5.145269366,0.459851081
1,515.0393786,53,21,1,9.558700433,0.769992281
1,473.5343167,70,16,2,1.771214576,0.249174497
1,564.7688538,60,57,5,7.065498023,0.921789233
1,424.6263836,58,27,3,3.410943166,0.862862577
1,528.0991868,63,16,1,7.473158256,0.19891736
1,437.5181422,48,45,2,5.985643502,0.84750062
1,308.1228785,70,58,2,9.015056195,0.657065183
1,495.4413984,46,21,3,5.22693774,0.210631722
1,541.2931454,52,10,1,7.992380942,0.583435635
1,527.6690799,49,48,2,7.042590745,0.574869495
1,556.976728,60,31,0,7.043529565,0.890856965
1,533.445679,51,21,2,6.838933548,0.941258196
1,498.6502775,70,28,0,9.909861695,0.962350133
1,366.5974505,60,2,0,3.829093282,0.550038741
1,486.9856946,66,15,1,0.557495985,0.831598296
1,384.1635311,55,25,2,7.932980767,0.717263525
1,537.7300493,40,6,1,1.969334874,0.926142633
1,479.641964,67,20,2,6.337676598,0.481539448
1,380.4116938,40,59,2,2.787557995,0.956553967
1,412.4381747,47,4,1,7.679667578,0.177431652
1,400.8607651,70,10,2,3.406550773,0.947169192
1,475.1308874,65,33,3,7.671681403,0.768950467
1,554.3298029,53,24,2,5.132157418,0.104637807
1,426.906996,51,7,3,5.076367227,0.864755896
1,562.5667348,65,43,6,1.267127352,0.6036321
1,411.048557,43,16,2,5.435396466,0.475416237
1,547.1468357,47,28,3,5.352527346,0.496770113
1,559.3101258,60,9,1,5.120181267,0.227149747
1,347.4343685,67,13,3,1.931577511,0.121550761
1,463.9033834,45,16,1,0.0836566,0.455471171
1,322.1279751,45,43,5,1.13564541,0.304246311
1,411.6142564,40,14,2,0.980578486,0.006785553
1,582.206016,61,53,2,0.592233054,0.274687494
1,599.204235,50,38,3,3.54995041,0.032624221
1,549.2451264,46,26,1,3.739278697,0.462563308
1,519.1099068,54,46,4,9.416331815,0.710029348
1,416.0782477,42,36,2,8.749394056,0.499977265
1,594.0771188,54,18,2,5.902311974,0.398209964
1,524.8220586,59,13,1,1.207795224,0.419074683
1,431.8015752,53,34,2,4.198703718,0.687502093
1,592.4027019,67,29,2,5.255793741,0.201250365
1,344.3418101,70,36,2,2.560884262,0.980906558
1,532.1697806,54,22,3,2.830169659,0.546916293
1,527.9021526,56,7,1,9.303666579,0.391843013
1,361.0427533,49,44,4,6.021687694,0.948863846
1,525.4420843,40,42,0,9.059736635,0.722901007
1,339.355368,67,37,1,8.10017778,0.486446612
1,539.4452142,56,49,3,5.060830957,0.851207385
1,442.3489599,55,8,1,0.254206852,0.869690201
1,459.8779528,47,10,0,2.635071535,0.429321342
1,357.8189333,45,47,1,7.862928926,0.372279657
1,468.9733243,44,3,2,0.955744477,0.336792611
1,494.4230922,50,55,0,0.526421126,0.806899348
1,429.6823575,59,11,2,6.038739118,0.157273534
1,444.6350695,41,6,3,3.293053129,0.556052424
1,518.4551303,61,41,1,4.163494988,0.147352766
1,432.3078,70,48,4,7.710383702,0.502162011
1,391.8936672,53,54,0,1.261695901,0.975068923
1,550.4987279,51,13,1,0.645358838,0.794060626
1,534.1755976,46,25,2,7.341085812,0.866764002
1,434.7376021,66,5,2,7.191780241,0.303369946
1,555.7810306,62,12,2,7.155628273,0.17356068
1,587.2320637,58,17,1,6.219144213,0.202277181
2,672.6963851,91,22,1,2.755566701,0.382326165
2,636.414043,92,38,1,2.284089616,0.857327824
2,729.8898124,85,12,1,1.682308432,0.461770366
2,667.6437312,85,23,1,9.426027005,0.867964447
2,638.0091354,81,50,0,1.260554314,0.049807878
2,672.6963851,91,22,1,2.755566701,0.382326165
2,619.5046629,71,54,1,5.232585129,0.652813367
2,707.6747984,87,43,0,1.540616529,0.482093519
2,684.8956095,82,13,1,1.46908909,0.367985077
2,684.8956095,82,13,1,1.46908909,0.367985077
2,610.8182817,94,48,1,3.569372979,0.283311335
2,607.2507337,94,57,1,6.873723669,0.443715269
2,706.1503577,93,46,0,3.179598317,0.782090015
2,610.8182817,94,48,1,3.569372979,0.283311335
2,712.2156197,72,29,1,8.32498701,0.343531611
2,650.0759791,76,26,0,0.985372672,0.025015152
2,772.0169167,98,59,1,4.286648244,0.718808235
2,610.8182817,94,48,1,3.569372979,0.283311335
2,757.9709338,97,15,1,8.791102239,0.755917915
2,617.3473857,87,21,0,7.078621035,0.211400185
2,772.0169167,98,59,1,4.286648244,0.718808235
2,638.0091354,81,50,0,1.260554314,0.049807878
2,731.932954,77,14,1,0.595124426,0.230085908
2,615.9329803,73,25,1,0.82667038,0.829522415
2,650.0759791,76,26,0,0.985372672,0.025015152
2,610.5525933,78,8,1,2.249059706,0.002184095
2,663.3431532,82,30,1,6.446722861,0.806355281
2,725.2435805,100,37,1,2.687007358,0.776590896
2,618.9016531,96,32,1,5.321327396,0.719211448
2,729.8898124,85,12,1,1.682308432,0.461770366
2,712.2156197,72,29,1,8.32498701,0.343531611
2,705.620713,78,1,1,1.566473784,0.216943225
2,616.7782062,99,49,0,7.482071184,0.961977655
2,638.0091354,81,50,0,1.260554314,0.049807878
2,635.5637859,72,22,1,2.13363068,0.235644039
2,672.6963851,91,22,1,2.755566701,0.382326165
2,752.6932426,72,4,1,5.60351974,0.398154945
2,616.3163752,92,5,1,7.833168902,0.234305099
2,610.5525933,78,8,1,2.249059706,0.002184095
2,602.9155637,91,57,0,0.609122269,0.142721854
2,635.5637859,72,22,1,2.13363068,0.235644039
2,618.7030306,99,15,1,0.766107643,0.888746405
2,772.0169167,98,59,1,4.286648244,0.718808235
2,631.7394066,100,14,0,3.335123537,0.512474704
2,725.2435805,100,37,1,2.687007358,0.776590896
2,616.7782062,99,49,0,7.482071184,0.961977655
2,667.6437312,85,23,1,9.426027005,0.867964447
2,671.170848,96,30,0,2.846102646,0.706212986
2,602.9155637,91,57,0,0.609122269,0.142721854
2,701.0204539,78,46,0,1.128581649,0.992126471
2,607.2507337,94,57,1,6.873723669,0.443715269
2,706.1503577,93,46,0,3.179598317,0.782090015
2,616.3163752,92,5,1,7.833168902,0.234305099
2,772.0169167,98,59,1,4.286648244,0.718808235
2,605.8424487,73,33,1,1.586371866,0.021172364
2,616.3163752,92,5,1,7.833168902,0.234305099
2,636.414043,92,38,1,2.284089616,0.857327824
2,752.6932426,72,4,1,5.60351974,0.398154945
2,618.7030306,99,15,1,0.766107643,0.888746405
2,619.6571502,80,25,1,6.423089558,0.193475849
2,649.6044311,90,32,0,8.060117105,0.514479642
2,607.2507337,94,57,1,6.873723669,0.443715269
2,602.9155637,91,57,0,0.609122269,0.142721854
2,663.9116805,89,39,0,6.648000439,0.234448849
2,729.8898124,85,12,1,1.682308432,0.461770366
2,667.6437312,85,23,1,9.426027005,0.867964447
2,602.9155637,91,57,0,0.609122269,0.142721854
2,707.6747984,87,43,0,1.540616529,0.482093519
2,706.1503577,93,46,0,3.179598317,0.782090015
2,638.0091354,81,50,0,1.260554314,0.049807878
2,618.9016531,96,32,1,5.321327396,0.719211448
2,752.6932426,72,4,1,5.60351974,0.398154945
2,610.8182817,94,48,1,3.569372979,0.283311335
2,618.7030306,99,15,1,0.766107643,0.888746405
2,610.5525933,78,8,1,2.249059706,0.002184095
2,636.414043,92,38,1,2.284089616,0.857327824
2,729.8898124,85,12,1,1.682308432,0.461770366
2,657.9212816,83,56,0,6.778949185,0.930662504
2,610.5525933,78,8,1,2.249059706,0.002184095
2,616.7782062,99,49,0,7.482071184,0.961977655
2,635.5637859,72,22,1,2.13363068,0.235644039
2,610.8182817,94,48,1,3.569372979,0.283311335
2,657.9212816,83,56,0,6.778949185,0.930662504
2,667.6437312,85,23,1,9.426027005,0.867964447
2,610.8182817,94,48,1,3.569372979,0.283311335
2,684.8956095,82,13,1,1.46908909,0.367985077
2,701.0204539,78,46,0,1.128581649,0.992126471
2,667.6437312,85,23,1,9.426027005,0.867964447
2,671.170848,96,30,0,2.846102646,0.706212986
2,671.170848,96,30,0,2.846102646,0.706212986
2,731.932954,77,14,1,0.595124426,0.230085908
2,623.7816312,91,17,1,3.574696455,0.699544474
2,672.6963851,91,22,1,2.755566701,0.382326165
2,725.2435805,100,37,1,2.687007358,0.776590896
2,616.7782062,99,49,0,7.482071184,0.961977655
2,635.5637859,72,22,1,2.13363068,0.235644039
2,667.6437312,85,23,1,9.426027005,0.867964447
2,615.9329803,73,25,1,0.82667038,0.829522415
2,619.6571502,80,25,1,6.423089558,0.193475849
2,731.932954,77,14,1,0.595124426,0.230085908